Title,URL,Thumbnail URL,Channel,Views,Uploaded,Description
HELLUVA BOSS - THE CIRCUS // S2: Episode 1,https://www.youtube.com/watch?v=_spuxXnul0U,https://i.ytimg.com/vi/_spuxXnul0U/hqdefault.jpg?sqp=-oaymwEcCPYBEIoBSFXyq4qpAw4IARUAAIhCGAFwAcABBg==&rs=AOn4CLC7y1iJSswuaVSN80cgb5m9ICLFzA,Vivziepop,2.5M views,8 hours ago,So you guys like backstories? Cuz things sure did happened. WARNING: for daddy issues. HELLUVA BOSS MERCH AVAILABLE ‚ñ∫ https://sharkrobot.com/vivziepop HELLUVA SEASON TWO IS HERE!! Thank...
"Minecraft Speedrunner VS $1,000,000 MrBeast Challenge",https://www.youtube.com/watch?v=wwkH0prchjQ,https://i.ytimg.com/vi/wwkH0prchjQ/hqdefault.jpg?sqp=-oaymwEcCPYBEIoBSFXyq4qpAw4IARUAAIhCGAFwAcABBg==&rs=AOn4CLAwMFRYZMnMBnhYVUs2p0yRNlohMw,Dream,5.4M views,15 hours ago,"Minecraft Speedrunner VS $1,000,000 MrBeast Challenge. This was INSANE. A new challenge. Patreon (Plugin): https://www.patreon.com/DreamWasTaken Free $15 with Code DREAMYT: http://cash.app/13+..."
MM07292022,https://www.youtube.com/watch?v=zD6SWDm1zf4,https://i.ytimg.com/vi/zD6SWDm1zf4/hqdefault.jpg?sqp=-oaymwEcCPYBEIoBSFXyq4qpAw4IARUAAIhCGAFwAcABBg==&rs=AOn4CLBOTsKBt58t3cG5dEeWhQxTgObtOQ,MegaMillions,454K views,22 hours ago,"$1 Billion Mega Millions Jackpot - Friday, 29 July, 2022. Good Luck Everyone!"
"Dream - MrBeast $1,000,000 Challenge (Extra Scenes)",https://www.youtube.com/watch?v=-capZjxVKiM,,DreamXD,642K views,14 hours ago,"This is extra scenes from Dream's channel of the ""Minecraft Speedrunner VS Mr Beast $1,000,000 Challenge"" video. Free $15 with Code DREAMYT download cashapp now: http://cash.app/13+ Original..."
It's been a minute...,https://www.youtube.com/watch?v=jXrxDKwlA_s,,Will Smith,2.6M views,1 day ago,Thanx y‚Äôall
"MrBeast Hit 100,000,000 Subs So I Did This...",https://www.youtube.com/watch?v=k_Xwk6Afo1U,,Preston,1.6M views,10 hours ago,"Preston‚Äôs Back to School Bundles and Giveaway are now LIVE on firemerch.com (http://firemerch.com/) üëä Don‚Äôt forget to enterüî• MrBeast Hit 100,000,000 Subs So I Did This...with Preston..."
Note Block Universe - Animation vs. Minecraft Shorts Ep 29,https://www.youtube.com/watch?v=4P6l35M61GY,,Alan Becker,2.7M views,13 hours ago,Green has to use music to ask where Purple went. üñê ASK ME ANYTHING! https://www.youtube.com/noogai89/join üëï MERCH! https://store.alanbecker.store üí¨DISCORD SERVER ‚ñ∫ https://discord.gg/...
"CA sheriff orders raid on Indiana Batmobile garage, allegedly as favor for friend - EXCLUSIVE",https://www.youtube.com/watch?v=SiM1At3O53E,,ABC7 News Bay Area,1.7M views,21 hours ago,"Holy political favors, Batman! That's the allegation against San Mateo County Sheriff Carlos Bolanos for sending a four-man team across the country last week, to raid the garage that builds..."
"LAST TO LEAVE BACKYARD TRAMPOLINE PARK WINS $10,000!!",https://www.youtube.com/watch?v=FFAlxxnO6iU,,Carter Sharer,249K views,11 hours ago,"üî•SHOP NOW!!üî•‚îÅ‚ñ∫ https://www.teamrar.com/ We built an entire TRAMPOLINE PARK in the back yard of our new Team RAR house, and we're doing a LAST TO LEAVE challenge for $10,000!! Our..."
"Daddy, I Want A G-Wagon",https://www.youtube.com/watch?v=Yonsx-Q9fIk,,WhistlinDiesel,725K views,23 hours ago,Coming Soon
